369,101221533288,100000,1001,NULL,NULL,0,0,NULL,NULL,2014-12-25 19:21:07.957
305,101884078628,100000,1001,NULL,NULL,0,0,NULL,NULL,2014-12-25 19:21:07.810
159,102345310854,100000,1001,NULL,NULL,0,0,NULL,NULL,2014-12-25 19:21:07.520
459,102378321848,100000,1001,NULL,NULL,0,0,NULL,NULL,2014-12-25 19:21:08.220
461,105674375350,100000,1001,NULL,NULL,0,0,NULL,NULL,2014-12-25 19:21:08.223
84,106473118433,100000,1001,NULL,NULL,0,0,NULL,NULL,2014-12-25 19:21:07.353
383,106826648808,100000,1001,NULL,NULL,0,0,NULL,NULL,2014-12-25 19:21:07.990
413,107155332375,100000,1001,NULL,NULL,0,0,NULL,NULL,2014-12-25 19:21:08.117
320,107560080460,100000,1001,NULL,NULL,0,0,NULL,NULL,2014-12-25 19:21:07.827
302,108084835430,100000,1001,NULL,NULL,0,0,NULL,NULL,2014-12-25 19:21:07.807
406,108816440416,100000,1001,NULL,NULL,0,0,NULL,NULL,2014-12-25 19:21:08.027
244,115322331812,100000,1001,NULL,NULL,0,0,NULL,NULL,2014-12-25 19:21:07.693
408,117352205464,100000,1001,NULL,NULL,0,0,NULL,NULL,2014-12-25 19:21:08.030
10,122828057668,100000,1001,NULL,NULL,0,0,NULL,NULL,2014-12-25 19:21:07.183
344,123142865035,100000,1001,NULL,NULL,0,0,NULL,NULL,2014-12-25 19:21:07.890
317,123722813128,100000,1001,NULL,NULL,0,0,NULL,NULL,2014-12-25 19:21:07.823
265,124088877438,100000,1001,NULL,NULL,0,0,NULL,NULL,2014-12-25 19:21:07.727
170,124607016620,100000,1001,NULL,NULL,0,0,NULL,NULL,2014-12-25 19:21:07.537
366,125413058370,100000,1001,NULL,NULL,0,0,NULL,NULL,2014-12-25 19:21:07.947
276,125563138621,100000,1001,NULL,NULL,0,0,NULL,NULL,2014-12-25 19:21:07.760
234,127764537773,100000,1001,NULL,NULL,0,0,NULL,NULL,2014-12-25 19:21:07.680
311,128231804588,100000,1001,NULL,NULL,0,0,NULL,NULL,2014-12-25 19:21:07.817
158,128261602077,100000,1001,NULL,NULL,0,0,NULL,NULL,2014-12-25 19:21:07.520
141,130073723046,100000,1001,NULL,NULL,0,0,NULL,NULL,2014-12-25 19:21:07.483
226,130508381011,100000,1001,NULL,NULL,0,0,NULL,NULL,2014-12-25 19:21:07.643
258,132154637440,100000,1001,NULL,NULL,0,0,NULL,NULL,2014-12-25 19:21:07.717
490,132286441855,100000,1001,NULL,NULL,0,0,NULL,NULL,2014-12-25 19:21:08.273
296,132600283830,100000,1001,NULL,NULL,0,0,NULL,NULL,2014-12-25 19:21:07.790
151,132863581150,100000,1001,NULL,NULL,0,0,NULL,NULL,2014-12-25 19:21:07.503
435,133881885175,100000,1001,NULL,NULL,0,0,NULL,NULL,2014-12-25 19:21:08.177
319,134831788345,100000,1001,NULL,NULL,0,0,NULL,NULL,2014-12-25 19:21:07.827
112,136481370151,100000,1001,NULL,NULL,0,0,NULL,NULL,2014-12-25 19:21:07.410
116,137705755323,100000,1001,NULL,NULL,0,0,NULL,NULL,2014-12-25 19:21:07.420
194,142124856201,100000,1001,NULL,NULL,0,0,NULL,NULL,2014-12-25 19:21:07.577
34,142580266163,100000,1001,NULL,NULL,0,0,NULL,NULL,2014-12-25 19:21:07.247
126,143262306017,100000,1001,NULL,NULL,0,0,NULL,NULL,2014-12-25 19:21:07.440
342,144217500075,100000,1001,NULL,NULL,0,0,NULL,NULL,2014-12-25 19:21:07.890
401,145518127262,100000,1001,NULL,NULL,0,0,NULL,NULL,2014-12-25 19:21:08.020
257,152421765763,100000,1001,NULL,NULL,0,0,NULL,NULL,2014-12-25 19:21:07.713
376,154056485223,100000,1001,NULL,NULL,0,0,NULL,NULL,2014-12-25 19:21:07.973
261,154684341175,100000,1001,NULL,NULL,0,0,NULL,NULL,2014-12-25 19:21:07.720
332,155265076146,100000,1001,NULL,NULL,0,0,NULL,NULL,2014-12-25 19:21:07.873
275,156164113034,100000,1001,NULL,NULL,0,0,NULL,NULL,2014-12-25 19:21:07.760
128,157185564415,100000,1001,NULL,NULL,0,0,NULL,NULL,2014-12-25 19:21:07.440
138,157323312452,100000,1001,NULL,NULL,0,0,NULL,NULL,2014-12-25 19:21:07.473
30,160050258643,100000,1001,NULL,NULL,0,0,NULL,NULL,2014-12-25 19:21:07.240
233,160204387827,100000,1001,NULL,NULL,0,0,NULL,NULL,2014-12-25 19:21:07.680
474,165524181257,100000,1001,NULL,NULL,0,0,NULL,NULL,2014-12-25 19:21:08.247
133,166428512861,100000,1001,NULL,NULL,0,0,NULL,NULL,2014-12-25 19:21:07.470
70,167766400476,100000,1001,NULL,NULL,0,0,NULL,NULL,2014-12-25 19:21:07.330
111,170381671848,100000,1001,NULL,NULL,0,0,NULL,NULL,2014-12-25 19:21:07.410
399,176838636588,100000,1001,NULL,NULL,0,0,NULL,NULL,2014-12-25 19:21:08.020
55,178071188634,100000,1001,NULL,NULL,0,0,NULL,NULL,2014-12-25 19:21:07.273
26,178814533262,100000,1001,NULL,NULL,0,0,NULL,NULL,2014-12-25 19:21:07.207
308,180150752221,100000,1001,NULL,NULL,0,0,NULL,NULL,2014-12-25 19:21:07.810
284,180204381304,100000,1001,NULL,NULL,0,0,NULL,NULL,2014-12-25 19:21:07.777
66,180524476151,100000,1001,NULL,NULL,0,0,NULL,NULL,2014-12-25 19:21:07.293
313,180552043648,100000,1001,NULL,NULL,0,0,NULL,NULL,2014-12-25 19:21:07.820
120,180634061170,100000,1001,NULL,NULL,0,0,NULL,NULL,2014-12-25 19:21:07.427
118,181258036616,100000,1001,NULL,NULL,0,0,NULL,NULL,2014-12-25 19:21:07.423
41,182142505877,100000,1001,NULL,NULL,0,0,NULL,NULL,2014-12-25 19:21:07.253
2,182764842885,100000,1001,NULL,NULL,0,0,NULL,NULL,2014-12-25 19:21:07.173
228,183258280086,100000,1001,NULL,NULL,0,0,NULL,NULL,2014-12-25 19:21:07.650
62,183336564606,100000,1001,NULL,NULL,0,0,NULL,NULL,2014-12-25 19:21:07.287
208,184651522262,100000,1001,NULL,NULL,0,0,NULL,NULL,2014-12-25 19:21:07.620
335,184881013313,100000,1001,NULL,NULL,0,0,NULL,NULL,2014-12-25 19:21:07.877
248,185437823786,100000,1001,NULL,NULL,0,0,NULL,NULL,2014-12-25 19:21:07.700
89,202237402540,100000,1001,NULL,NULL,0,0,NULL,NULL,2014-12-25 19:21:07.357
303,203371886576,100000,1001,NULL,NULL,0,0,NULL,NULL,2014-12-25 19:21:07.807
389,204723416530,100000,1001,NULL,NULL,0,0,NULL,NULL,2014-12-25 19:21:08.003
479,207121120175,100000,1001,NULL,NULL,0,0,NULL,NULL,2014-12-25 19:21:08.260
81,210777174583,100000,1001,NULL,NULL,0,0,NULL,NULL,2014-12-25 19:21:07.347
85,210803701511,100000,1001,NULL,NULL,0,0,NULL,NULL,2014-12-25 19:21:07.353
42,211856525531,100000,1001,NULL,NULL,0,0,NULL,NULL,2014-12-25 19:21:07.257
384,215054857076,100000,1001,NULL,NULL,0,0,NULL,NULL,2014-12-25 19:21:07.990
110,221808620078,100000,1001,NULL,NULL,0,0,NULL,NULL,2014-12-25 19:21:07.410
45,223510234163,100000,1001,NULL,NULL,0,0,NULL,NULL,2014-12-25 19:21:07.263
93,223661643168,100000,1001,NULL,NULL,0,0,NULL,NULL,2014-12-25 19:21:07.367
271,225278686813,100000,1001,NULL,NULL,0,0,NULL,NULL,2014-12-25 19:21:07.753
122,227222617426,100000,1001,NULL,NULL,0,0,NULL,NULL,2014-12-25 19:21:07.430
224,230004807136,100000,1001,NULL,NULL,0,0,NULL,NULL,2014-12-25 19:21:07.640
106,230407550231,100000,1001,NULL,NULL,0,0,NULL,NULL,2014-12-25 19:21:07.403
124,234110773751,100000,1001,NULL,NULL,0,0,NULL,NULL,2014-12-25 19:21:07.437
316,234253540352,100000,1001,NULL,NULL,0,0,NULL,NULL,2014-12-25 19:21:07.823
286,236031675746,100000,1001,NULL,NULL,0,0,NULL,NULL,2014-12-25 19:21:07.780
255,236155047454,100000,1001,NULL,NULL,0,0,NULL,NULL,2014-12-25 19:21:07.710
355,237533251023,100000,1001,NULL,NULL,0,0,NULL,NULL,2014-12-25 19:21:07.927
186,241354707670,100000,1001,NULL,NULL,0,0,NULL,NULL,2014-12-25 19:21:07.563
421,242714421064,100000,1001,NULL,NULL,0,0,NULL,NULL,2014-12-25 19:21:08.157
469,242740455876,100000,1001,NULL,NULL,0,0,NULL,NULL,2014-12-25 19:21:08.237
144,243200046152,100000,1001,NULL,NULL,0,0,NULL,NULL,2014-12-25 19:21:07.490
114,243301326276,100000,1001,NULL,NULL,0,0,NULL,NULL,2014-12-25 19:21:07.417
213,247840706866,100000,1001,NULL,NULL,0,0,NULL,NULL,2014-12-25 19:21:07.623
477,252635640145,100000,1001,NULL,NULL,0,0,NULL,NULL,2014-12-25 19:21:08.253
312,253034313832,100000,1001,NULL,NULL,0,0,NULL,NULL,2014-12-25 19:21:07.817
457,254501883380,100000,1001,NULL,NULL,0,0,NULL,NULL,2014-12-25 19:21:08.217
73,255773207800,100000,1001,NULL,NULL,0,0,NULL,NULL,2014-12-25 19:21:07.333
156,256275505270,100000,1001,NULL,NULL,0,0,NULL,NULL,2014-12-25 19:21:07.513
262,256551852260,100000,1001,NULL,NULL,0,0,NULL,NULL,2014-12-25 19:21:07.720
403,258037187187,100000,1001,NULL,NULL,0,0,NULL,NULL,2014-12-25 19:21:08.023
16,260080151837,100000,1001,NULL,NULL,0,0,NULL,NULL,2014-12-25 19:21:07.193
495,260703711326,100000,1001,NULL,NULL,0,0,NULL,NULL,2014-12-25 19:21:08.280
150,262080375573,100000,1001,NULL,NULL,0,0,NULL,NULL,2014-12-25 19:21:07.503
243,263031201310,100000,1001,NULL,NULL,0,0,NULL,NULL,2014-12-25 19:21:07.693
173,264475334554,100000,1001,NULL,NULL,0,0,NULL,NULL,2014-12-25 19:21:07.543
379,266855754404,100000,1001,NULL,NULL,0,0,NULL,NULL,2014-12-25 19:21:07.980
405,267813455145,100000,1001,NULL,NULL,0,0,NULL,NULL,2014-12-25 19:21:08.027
471,268708635851,100000,1001,NULL,NULL,0,0,NULL,NULL,2014-12-25 19:21:08.240
236,274667172836,100000,1001,NULL,NULL,0,0,NULL,NULL,2014-12-25 19:21:07.683
169,275834326326,100000,1001,NULL,NULL,0,0,NULL,NULL,2014-12-25 19:21:07.537
292,278330232152,100000,1001,NULL,NULL,0,0,NULL,NULL,2014-12-25 19:21:07.787
416,284712744567,100000,1001,NULL,NULL,0,0,NULL,NULL,2014-12-25 19:21:08.143
176,287348288833,100000,1001,NULL,NULL,0,0,NULL,NULL,2014-12-25 19:21:07.547
373,287351725504,100000,1001,NULL,NULL,0,0,NULL,NULL,2014-12-25 19:21:07.960
75,288610531041,100000,1001,NULL,NULL,0,0,NULL,NULL,2014-12-25 19:21:07.337
428,301357773686,100000,1001,NULL,NULL,0,0,NULL,NULL,2014-12-25 19:21:08.163
398,303745284548,100000,1001,NULL,NULL,0,0,NULL,NULL,2014-12-25 19:21:08.017
443,304275280788,100000,1001,NULL,NULL,0,0,NULL,NULL,2014-12-25 19:21:08.190
47,304855818713,100000,1001,NULL,NULL,0,0,NULL,NULL,2014-12-25 19:21:07.267
164,305301632826,100000,1001,NULL,NULL,0,0,NULL,NULL,2014-12-25 19:21:07.530
341,305507103254,100000,1001,NULL,NULL,0,0,NULL,NULL,2014-12-25 19:21:07.887
263,306043771603,100000,1001,NULL,NULL,0,0,NULL,NULL,2014-12-25 19:21:07.723
404,311646153180,100000,1001,NULL,NULL,0,0,NULL,NULL,2014-12-25 19:21:08.023
349,312426468377,100000,1001,NULL,NULL,0,0,NULL,NULL,2014-12-25 19:21:07.897
270,313216203684,100000,1001,NULL,NULL,0,0,NULL,NULL,2014-12-25 19:21:07.753
132,314038143845,100000,1001,NULL,NULL,0,0,NULL,NULL,2014-12-25 19:21:07.467
452,314078256112,100000,1001,NULL,NULL,0,0,NULL,NULL,2014-12-25 19:21:08.203
198,316815765576,100000,1001,NULL,NULL,0,0,NULL,NULL,2014-12-25 19:21:07.580
274,317263130055,100000,1001,NULL,NULL,0,0,NULL,NULL,2014-12-25 19:21:07.760
445,321006618757,100000,1001,NULL,NULL,0,0,NULL,NULL,2014-12-25 19:21:08.190
32,321282376422,100000,1001,NULL,NULL,0,0,NULL,NULL,2014-12-25 19:21:07.243
71,321563526016,100000,1001,NULL,NULL,0,0,NULL,NULL,2014-12-25 19:21:07.330
115,322868771775,100000,1001,NULL,NULL,0,0,NULL,NULL,2014-12-25 19:21:07.420
467,323651175737,100000,1001,NULL,NULL,0,0,NULL,NULL,2014-12-25 19:21:08.233
485,325515318667,100000,1001,NULL,NULL,0,0,NULL,NULL,2014-12-25 19:21:08.267
392,326840103183,100000,1001,NULL,NULL,0,0,NULL,NULL,2014-12-25 19:21:08.010
339,327665740533,100000,1001,NULL,NULL,0,0,NULL,NULL,2014-12-25 19:21:07.883
354,331687432345,100000,1001,NULL,NULL,0,0,NULL,NULL,2014-12-25 19:21:07.927
72,335412260800,100000,1001,NULL,NULL,0,0,NULL,NULL,2014-12-25 19:21:07.330
217,335664011184,100000,1001,NULL,NULL,0,0,NULL,NULL,2014-12-25 19:21:07.630
380,336113158676,100000,1001,NULL,NULL,0,0,NULL,NULL,2014-12-25 19:21:07.980
301,337402677110,100000,1001,NULL,NULL,0,0,NULL,NULL,2014-12-25 19:21:07.803
488,341111577411,100000,1001,NULL,NULL,0,0,NULL,NULL,2014-12-25 19:21:08.270
196,341121135576,100000,1001,NULL,NULL,0,0,NULL,NULL,2014-12-25 19:21:07.577
348,341210284318,100000,1001,NULL,NULL,0,0,NULL,NULL,2014-12-25 19:21:07.897
214,342410773835,100000,1001,NULL,NULL,0,0,NULL,NULL,2014-12-25 19:21:07.627
494,343231566163,100000,1001,NULL,NULL,0,0,NULL,NULL,2014-12-25 19:21:08.280
95,343257823840,100000,1001,NULL,NULL,0,0,NULL,NULL,2014-12-25 19:21:07.373
360,345178602226,100000,1001,NULL,NULL,0,0,NULL,NULL,2014-12-25 19:21:07.937
246,345723827262,100000,1001,NULL,NULL,0,0,NULL,NULL,2014-12-25 19:21:07.697
178,351506360668,100000,1001,NULL,NULL,0,0,NULL,NULL,2014-12-25 19:21:07.550
281,351520414001,100000,1001,NULL,NULL,0,0,NULL,NULL,2014-12-25 19:21:07.770
260,351557801741,100000,1001,NULL,NULL,0,0,NULL,NULL,2014-12-25 19:21:07.720
304,352158527565,100000,1001,NULL,NULL,0,0,NULL,NULL,2014-12-25 19:21:07.807
442,352424506281,100000,1001,NULL,NULL,0,0,NULL,NULL,2014-12-25 19:21:08.187
363,353102742735,100000,1001,NULL,NULL,0,0,NULL,NULL,2014-12-25 19:21:07.940
446,353227345302,100000,1001,NULL,NULL,0,0,NULL,NULL,2014-12-25 19:21:08.190
52,355518134757,100000,1001,NULL,NULL,0,0,NULL,NULL,2014-12-25 19:21:07.270
315,356583817513,100000,1001,NULL,NULL,0,0,NULL,NULL,2014-12-25 19:21:07.820
187,358500023400,100000,1001,NULL,NULL,0,0,NULL,NULL,2014-12-25 19:21:07.563
489,360034447163,100000,1001,NULL,NULL,0,0,NULL,NULL,2014-12-25 19:21:08.273
415,360728111360,100000,1001,NULL,NULL,0,0,NULL,NULL,2014-12-25 19:21:08.143
49,362353622331,100000,1001,NULL,NULL,0,0,NULL,NULL,2014-12-25 19:21:07.267
464,363545221666,100000,1001,NULL,NULL,0,0,NULL,NULL,2014-12-25 19:21:08.230
371,366648011400,100000,1001,NULL,NULL,0,0,NULL,NULL,2014-12-25 19:21:07.960
328,368120730647,100000,1001,NULL,NULL,0,0,NULL,NULL,2014-12-25 19:21:07.870
356,368772038654,100000,1001,NULL,NULL,0,0,NULL,NULL,2014-12-25 19:21:07.930
450,370854445860,100000,1001,NULL,NULL,0,0,NULL,NULL,2014-12-25 19:21:08.197
199,372406482770,100000,1001,NULL,NULL,0,0,NULL,NULL,2014-12-25 19:21:07.583
295,374530040702,100000,1001,NULL,NULL,0,0,NULL,NULL,2014-12-25 19:21:07.790
53,375254520550,100000,1001,NULL,NULL,0,0,NULL,NULL,2014-12-25 19:21:07.270
211,375625211550,100000,1001,NULL,NULL,0,0,NULL,NULL,2014-12-25 19:21:07.623
325,375655187817,100000,1001,NULL,NULL,0,0,NULL,NULL,2014-12-25 19:21:07.837
171,377606468837,100000,1001,NULL,NULL,0,0,NULL,NULL,2014-12-25 19:21:07.540
307,377671252636,100000,1001,NULL,NULL,0,0,NULL,NULL,2014-12-25 19:21:07.810
378,377737273336,100000,1001,NULL,NULL,0,0,NULL,NULL,2014-12-25 19:21:07.977
334,378557354587,100000,1001,NULL,NULL,0,0,NULL,NULL,2014-12-25 19:21:07.877
441,380787727564,100000,1001,NULL,NULL,0,0,NULL,NULL,2014-12-25 19:21:08.183
331,380813803016,100000,1001,NULL,NULL,0,0,NULL,NULL,2014-12-25 19:21:07.873
101,381020371663,100000,1001,NULL,NULL,0,0,NULL,NULL,2014-12-25 19:21:07.383
191,383777460877,100000,1001,NULL,NULL,0,0,NULL,NULL,2014-12-25 19:21:07.570
396,385264301486,100000,1001,NULL,NULL,0,0,NULL,NULL,2014-12-25 19:21:08.013
329,385883610587,100000,1001,NULL,NULL,0,0,NULL,NULL,2014-12-25 19:21:07.870
210,400032763704,100000,1001,NULL,NULL,0,0,NULL,NULL,2014-12-25 19:21:07.620
278,400513426214,100000,1001,NULL,NULL,0,0,NULL,NULL,2014-12-25 19:21:07.763
7,401161086823,100000,1001,NULL,NULL,0,0,NULL,NULL,2014-12-25 19:21:07.180
147,401233133538,100000,1001,NULL,NULL,0,0,NULL,NULL,2014-12-25 19:21:07.500
410,402224800388,100000,1001,NULL,NULL,0,0,NULL,NULL,2014-12-25 19:21:08.037
43,402361401431,100000,1001,NULL,NULL,0,0,NULL,NULL,2014-12-25 19:21:07.260
36,402722045814,100000,1001,NULL,NULL,0,0,NULL,NULL,2014-12-25 19:21:07.250
87,405707402723,100000,1001,NULL,NULL,0,0,NULL,NULL,2014-12-25 19:21:07.357
18,406704112876,100000,1001,NULL,NULL,0,0,NULL,NULL,2014-12-25 19:21:07.197
300,406768104785,100000,1001,NULL,NULL,0,0,NULL,NULL,2014-12-25 19:21:07.800
433,407488616666,100000,1001,NULL,NULL,0,0,NULL,NULL,2014-12-25 19:21:08.177
444,408167188065,100000,1001,NULL,NULL,0,0,NULL,NULL,2014-12-25 19:21:08.190
205,408572571216,100000,1001,NULL,NULL,0,0,NULL,NULL,2014-12-25 19:21:07.593
357,411688135245,100000,1001,NULL,NULL,0,0,NULL,NULL,2014-12-25 19:21:07.930
104,412620325588,100000,1001,NULL,NULL,0,0,NULL,NULL,2014-12-25 19:21:07.387
314,413074603858,100000,1001,NULL,NULL,0,0,NULL,NULL,2014-12-25 19:21:07.820
67,413730784074,100000,1001,NULL,NULL,0,0,NULL,NULL,2014-12-25 19:21:07.297
293,414122018238,100000,1001,NULL,NULL,0,0,NULL,NULL,2014-12-25 19:21:07.790
324,415114212076,100000,1001,NULL,NULL,0,0,NULL,NULL,2014-12-25 19:21:07.837
448,417307043071,100000,1001,NULL,NULL,0,0,NULL,NULL,2014-12-25 19:21:08.193
97,417425023532,100000,1001,NULL,NULL,0,0,NULL,NULL,2014-12-25 19:21:07.377
131,420133314300,100000,1001,NULL,NULL,0,0,NULL,NULL,2014-12-25 19:21:07.467
362,420468717404,100000,1001,NULL,NULL,0,0,NULL,NULL,2014-12-25 19:21:07.940
201,421071001035,100000,1001,NULL,NULL,0,0,NULL,NULL,2014-12-25 19:21:07.587
387,421237102818,100000,1001,NULL,NULL,0,0,NULL,NULL,2014-12-25 19:21:08.000
345,422224322060,100000,1001,NULL,NULL,0,0,NULL,NULL,2014-12-25 19:21:07.893
29,422244457583,100000,1001,NULL,NULL,0,0,NULL,NULL,2014-12-25 19:21:07.237
222,425355176361,100000,1001,NULL,NULL,0,0,NULL,NULL,2014-12-25 19:21:07.640
92,426331072183,100000,1001,NULL,NULL,0,0,NULL,NULL,2014-12-25 19:21:07.363
285,428642228166,100000,1001,NULL,NULL,0,0,NULL,NULL,2014-12-25 19:21:07.777
184,431648503051,100000,1001,NULL,NULL,0,0,NULL,NULL,2014-12-25 19:21:07.560
91,432633561358,100000,1001,NULL,NULL,0,0,NULL,NULL,2014-12-25 19:21:07.363
393,434815768212,100000,1001,NULL,NULL,0,0,NULL,NULL,2014-12-25 19:21:08.010
290,435131175543,100000,1001,NULL,NULL,0,0,NULL,NULL,2014-12-25 19:21:07.783
21,435572472474,100000,1001,NULL,NULL,0,0,NULL,NULL,2014-12-25 19:21:07.200
382,435750367340,100000,1001,NULL,NULL,0,0,NULL,NULL,2014-12-25 19:21:07.987
425,436778201616,100000,1001,NULL,NULL,0,0,NULL,NULL,2014-12-25 19:21:08.160
229,438774450707,100000,1001,NULL,NULL,0,0,NULL,NULL,2014-12-25 19:21:07.653
367,442106707727,100000,1001,NULL,NULL,0,0,NULL,NULL,2014-12-25 19:21:07.950
77,442740410267,100000,1001,NULL,NULL,0,0,NULL,NULL,2014-12-25 19:21:07.340
157,442757511141,100000,1001,NULL,NULL,0,0,NULL,NULL,2014-12-25 19:21:07.517
347,445600886227,100000,1001,NULL,NULL,0,0,NULL,NULL,2014-12-25 19:21:07.893
206,448138527784,100000,1001,NULL,NULL,0,0,NULL,NULL,2014-12-25 19:21:07.597
119,451131070706,100000,1001,NULL,NULL,0,0,NULL,NULL,2014-12-25 19:21:07.427
78,457625776686,100000,1001,NULL,NULL,0,0,NULL,NULL,2014-12-25 19:21:07.340
372,457628364141,100000,1001,NULL,NULL,0,0,NULL,NULL,2014-12-25 19:21:07.960
431,458264513871,100000,1001,NULL,NULL,0,0,NULL,NULL,2014-12-25 19:21:08.173
219,460746533035,100000,1001,NULL,NULL,0,0,NULL,NULL,2014-12-25 19:21:07.630
88,461721647581,100000,1001,NULL,NULL,0,0,NULL,NULL,2014-12-25 19:21:07.357
430,463607688470,100000,1001,NULL,NULL,0,0,NULL,NULL,2014-12-25 19:21:08.170
277,465864576336,100000,1001,NULL,NULL,0,0,NULL,NULL,2014-12-25 19:21:07.763
28,467303845780,100000,1001,NULL,NULL,0,0,NULL,NULL,2014-12-25 19:21:07.210
103,467876687274,100000,1001,NULL,NULL,0,0,NULL,NULL,2014-12-25 19:21:07.387
153,471818303423,100000,1001,NULL,NULL,0,0,NULL,NULL,2014-12-25 19:21:07.510
207,477571778610,100000,1001,NULL,NULL,0,0,NULL,NULL,2014-12-25 19:21:07.597
59,480108540707,100000,1001,NULL,NULL,0,0,NULL,NULL,2014-12-25 19:21:07.283
175,482718480053,100000,1001,NULL,NULL,0,0,NULL,NULL,2014-12-25 19:21:07.547
146,484654355545,100000,1001,NULL,NULL,0,0,NULL,NULL,2014-12-25 19:21:07.497
183,485874863714,100000,1001,NULL,NULL,0,0,NULL,NULL,2014-12-25 19:21:07.560
145,486053854047,100000,1001,NULL,NULL,0,0,NULL,NULL,2014-12-25 19:21:07.493
449,486062801745,100000,1001,NULL,NULL,0,0,NULL,NULL,2014-12-25 19:21:08.197
33,487552057752,100000,1001,NULL,NULL,0,0,NULL,NULL,2014-12-25 19:21:07.243
155,488000705548,100000,1001,NULL,NULL,0,0,NULL,NULL,2014-12-25 19:21:07.513
374,488426636043,100000,1001,NULL,NULL,0,0,NULL,NULL,2014-12-25 19:21:07.973
426,501116051420,100000,1001,NULL,NULL,0,0,NULL,NULL,2014-12-25 19:21:08.163
231,503271141068,100000,1001,NULL,NULL,0,0,NULL,NULL,2014-12-25 19:21:07.677
422,503842723235,100000,1001,NULL,NULL,0,0,NULL,NULL,2014-12-25 19:21:08.157
358,506308620731,100000,1001,NULL,NULL,0,0,NULL,NULL,2014-12-25 19:21:07.930
269,507618362438,100000,1001,NULL,NULL,0,0,NULL,NULL,2014-12-25 19:21:07.753
143,508775302222,100000,1001,NULL,NULL,0,0,NULL,NULL,2014-12-25 19:21:07.487
407,510323885885,100000,1001,NULL,NULL,0,0,NULL,NULL,2014-12-25 19:21:08.030
436,511315376047,100000,1001,NULL,NULL,0,0,NULL,NULL,2014-12-25 19:21:08.180
6,511555858327,100000,1001,NULL,NULL,0,0,NULL,NULL,2014-12-25 19:21:07.180
468,512462105864,100000,1001,NULL,NULL,0,0,NULL,NULL,2014-12-25 19:21:08.237
498,512658081657,100000,1001,NULL,NULL,0,0,NULL,NULL,2014-12-25 19:21:08.283
195,514405004375,100000,1001,NULL,NULL,0,0,NULL,NULL,2014-12-25 19:21:07.577
414,514482573128,100000,1001,NULL,NULL,0,0,NULL,NULL,2014-12-25 19:21:08.120
162,515572116446,100000,1001,NULL,NULL,0,0,NULL,NULL,2014-12-25 19:21:07.527
135,517037636406,100000,1001,NULL,NULL,0,0,NULL,NULL,2014-12-25 19:21:07.470
227,517136358405,100000,1001,NULL,NULL,0,0,NULL,NULL,2014-12-25 19:21:07.647
500,518634115151,100000,1001,NULL,NULL,0,0,NULL,NULL,2014-12-25 19:21:08.287
192,520818081230,100000,1001,NULL,NULL,0,0,NULL,NULL,2014-12-25 19:21:07.570
134,521218312458,100000,1001,NULL,NULL,0,0,NULL,NULL,2014-12-25 19:21:07.470
463,524236217237,100000,1001,NULL,NULL,0,0,NULL,NULL,2014-12-25 19:21:08.227
149,527268673064,100000,1001,NULL,NULL,0,0,NULL,NULL,2014-12-25 19:21:07.503
140,527313688841,100000,1001,NULL,NULL,0,0,NULL,NULL,2014-12-25 19:21:07.480
204,530167780010,100000,1001,NULL,NULL,0,0,NULL,NULL,2014-12-25 19:21:07.590
113,530382771362,100000,1001,NULL,NULL,0,0,NULL,NULL,2014-12-25 19:21:07.413
38,532113387817,100000,1001,NULL,NULL,0,0,NULL,NULL,2014-12-25 19:21:07.250
447,533708213784,100000,1001,NULL,NULL,0,0,NULL,NULL,2014-12-25 19:21:08.193
50,536715308855,100000,1001,NULL,NULL,0,0,NULL,NULL,2014-12-25 19:21:07.270
432,537250550507,100000,1001,NULL,NULL,0,0,NULL,NULL,2014-12-25 19:21:08.173
418,540225413428,100000,1001,NULL,NULL,0,0,NULL,NULL,2014-12-25 19:21:08.147
190,540535063151,100000,1001,NULL,NULL,0,0,NULL,NULL,2014-12-25 19:21:07.570
121,540628607141,100000,1001,NULL,NULL,0,0,NULL,NULL,2014-12-25 19:21:07.427
323,541880346306,100000,1001,NULL,NULL,0,0,NULL,NULL,2014-12-25 19:21:07.837
484,542600612766,100000,1001,NULL,NULL,0,0,NULL,NULL,2014-12-25 19:21:08.263
337,542868217035,100000,1001,NULL,NULL,0,0,NULL,NULL,2014-12-25 19:21:07.883
424,543467588432,100000,1001,NULL,NULL,0,0,NULL,NULL,2014-12-25 19:21:08.160
58,544845115442,100000,1001,NULL,NULL,0,0,NULL,NULL,2014-12-25 19:21:07.283
318,544873070084,100000,1001,NULL,NULL,0,0,NULL,NULL,2014-12-25 19:21:07.827
291,551445458111,100000,1001,NULL,NULL,0,0,NULL,NULL,2014-12-25 19:21:07.787
180,552400818887,100000,1001,NULL,NULL,0,0,NULL,NULL,2014-12-25 19:21:07.557
172,553188524367,100000,1001,NULL,NULL,0,0,NULL,NULL,2014-12-25 19:21:07.540
336,554166720588,100000,1001,NULL,NULL,0,0,NULL,NULL,2014-12-25 19:21:07.880
264,554805716540,100000,1001,NULL,NULL,0,0,NULL,NULL,2014-12-25 19:21:07.727
440,555015735563,100000,1001,NULL,NULL,0,0,NULL,NULL,2014-12-25 19:21:08.183
492,555742817716,100000,1001,NULL,NULL,0,0,NULL,NULL,2014-12-25 19:21:08.277
69,556328751041,100000,1001,NULL,NULL,0,0,NULL,NULL,2014-12-25 19:21:07.317
230,557586042440,100000,1001,NULL,NULL,0,0,NULL,NULL,2014-12-25 19:21:07.673
86,561086158173,100000,1001,NULL,NULL,0,0,NULL,NULL,2014-12-25 19:21:07.353
361,563883356883,100000,1001,NULL,NULL,0,0,NULL,NULL,2014-12-25 19:21:07.940
3,564178186487,100000,1001,NULL,NULL,0,0,NULL,NULL,2014-12-25 19:21:07.177
94,566886732887,100000,1001,NULL,NULL,0,0,NULL,NULL,2014-12-25 19:21:07.370
107,567483167738,100000,1001,NULL,NULL,0,0,NULL,NULL,2014-12-25 19:21:07.407
4,570720174604,100000,1001,NULL,NULL,0,0,NULL,NULL,2014-12-25 19:21:07.177
480,571424167723,100000,1001,NULL,NULL,0,0,NULL,NULL,2014-12-25 19:21:08.260
439,572273888400,100000,1001,NULL,NULL,0,0,NULL,NULL,2014-12-25 19:21:08.180
253,574866486684,100000,1001,NULL,NULL,0,0,NULL,NULL,2014-12-25 19:21:07.707
202,576484043507,100000,1001,NULL,NULL,0,0,NULL,NULL,2014-12-25 19:21:07.590
460,576518827728,100000,1001,NULL,NULL,0,0,NULL,NULL,2014-12-25 19:21:08.223
166,580862573437,100000,1001,NULL,NULL,0,0,NULL,NULL,2014-12-25 19:21:07.533
288,584060372316,100000,1001,NULL,NULL,0,0,NULL,NULL,2014-12-25 19:21:07.780
152,585474465876,100000,1001,NULL,NULL,0,0,NULL,NULL,2014-12-25 19:21:07.507
22,586455017283,100000,1001,NULL,NULL,0,0,NULL,NULL,2014-12-25 19:21:07.203
56,586733758461,100000,1001,NULL,NULL,0,0,NULL,NULL,2014-12-25 19:21:07.277
486,586811422634,100000,1001,NULL,NULL,0,0,NULL,NULL,2014-12-25 19:21:08.267
105,588528702264,100000,1001,NULL,NULL,0,0,NULL,NULL,2014-12-25 19:21:07.387
220,601802552115,100000,1001,NULL,NULL,0,0,NULL,NULL,2014-12-25 19:21:07.633
165,601830617556,100000,1001,NULL,NULL,0,0,NULL,NULL,2014-12-25 19:21:07.530
27,603304566372,100000,1001,NULL,NULL,0,0,NULL,NULL,2014-12-25 19:21:07.210
402,603476750483,100000,1001,NULL,NULL,0,0,NULL,NULL,2014-12-25 19:21:08.023
242,603642412441,100000,1001,NULL,NULL,0,0,NULL,NULL,2014-12-25 19:21:07.693
82,610841442184,100000,1001,NULL,NULL,0,0,NULL,NULL,2014-12-25 19:21:07.350
108,616746213657,100000,1001,NULL,NULL,0,0,NULL,NULL,2014-12-25 19:21:07.407
247,617000025037,100000,1001,NULL,NULL,0,0,NULL,NULL,2014-12-25 19:21:07.700
326,620342038070,100000,1001,NULL,NULL,0,0,NULL,NULL,2014-12-25 19:21:07.867
225,620582722238,100000,1001,NULL,NULL,0,0,NULL,NULL,2014-12-25 19:21:07.640
64,621426207675,100000,1001,NULL,NULL,0,0,NULL,NULL,2014-12-25 19:21:07.290
161,622356736364,100000,1001,NULL,NULL,0,0,NULL,NULL,2014-12-25 19:21:07.523
31,623022571387,100000,1001,NULL,NULL,0,0,NULL,NULL,2014-12-25 19:21:07.240
409,623663865030,100000,1001,NULL,NULL,0,0,NULL,NULL,2014-12-25 19:21:08.030
310,628746500352,100000,1001,NULL,NULL,0,0,NULL,NULL,2014-12-25 19:21:07.813
188,631850784550,100000,1001,NULL,NULL,0,0,NULL,NULL,2014-12-25 19:21:07.563
338,634663406400,100000,1001,NULL,NULL,0,0,NULL,NULL,2014-12-25 19:21:07.883
130,634808228421,100000,1001,NULL,NULL,0,0,NULL,NULL,2014-12-25 19:21:07.463
289,635051767163,100000,1001,NULL,NULL,0,0,NULL,NULL,2014-12-25 19:21:07.780
63,635538546122,100000,1001,NULL,NULL,0,0,NULL,NULL,2014-12-25 19:21:07.290
179,636822554704,100000,1001,NULL,NULL,0,0,NULL,NULL,2014-12-25 19:21:07.553
24,638073137188,100000,1001,NULL,NULL,0,0,NULL,NULL,2014-12-25 19:21:07.203
245,640335031766,100000,1001,NULL,NULL,0,0,NULL,NULL,2014-12-25 19:21:07.697
417,640411176877,100000,1001,NULL,NULL,0,0,NULL,NULL,2014-12-25 19:21:08.147
129,641145355517,100000,1001,NULL,NULL,0,0,NULL,NULL,2014-12-25 19:21:07.460
499,643215861003,100000,1001,NULL,NULL,0,0,NULL,NULL,2014-12-25 19:21:08.283
429,647137080685,100000,1001,NULL,NULL,0,0,NULL,NULL,2014-12-25 19:21:08.170
232,647404418578,100000,1001,NULL,NULL,0,0,NULL,NULL,2014-12-25 19:21:07.677
423,648400803878,100000,1001,NULL,NULL,0,0,NULL,NULL,2014-12-25 19:21:08.160
249,651607437752,100000,1001,NULL,NULL,0,0,NULL,NULL,2014-12-25 19:21:07.700
174,651884617514,100000,1001,NULL,NULL,0,0,NULL,NULL,2014-12-25 19:21:07.543
330,652045124087,100000,1001,NULL,NULL,0,0,NULL,NULL,2014-12-25 19:21:07.870
237,653483017525,100000,1001,NULL,NULL,0,0,NULL,NULL,2014-12-25 19:21:07.687
496,654133014340,100000,1001,NULL,NULL,0,0,NULL,NULL,2014-12-25 19:21:08.280
364,654386435264,100000,1001,NULL,NULL,0,0,NULL,NULL,2014-12-25 19:21:07.943
272,655522033875,100000,1001,NULL,NULL,0,0,NULL,NULL,2014-12-25 19:21:07.757
259,658180244310,100000,1001,NULL,NULL,0,0,NULL,NULL,2014-12-25 19:21:07.720
167,660461465312,100000,1001,NULL,NULL,0,0,NULL,NULL,2014-12-25 19:21:07.533
168,660705353871,100000,1001,NULL,NULL,0,0,NULL,NULL,2014-12-25 19:21:07.537
15,661141240628,100000,1001,NULL,NULL,0,0,NULL,NULL,2014-12-25 19:21:07.190
83,662454521118,100000,1001,NULL,NULL,0,0,NULL,NULL,2014-12-25 19:21:07.350
212,662845766534,100000,1001,NULL,NULL,0,0,NULL,NULL,2014-12-25 19:21:07.623
13,667016118302,100000,1001,NULL,NULL,0,0,NULL,NULL,2014-12-25 19:21:07.190
154,670847200150,100000,1001,NULL,NULL,0,0,NULL,NULL,2014-12-25 19:21:07.510
65,671824427468,100000,1001,NULL,NULL,0,0,NULL,NULL,2014-12-25 19:21:07.290
163,671837547671,100000,1001,NULL,NULL,0,0,NULL,NULL,2014-12-25 19:21:07.527
438,672477168508,100000,1001,NULL,NULL,0,0,NULL,NULL,2014-12-25 19:21:08.180
388,672705664635,100000,1001,NULL,NULL,0,0,NULL,NULL,2014-12-25 19:21:08.003
125,674835102388,100000,1001,NULL,NULL,0,0,NULL,NULL,2014-12-25 19:21:07.437
456,678068060625,100000,1001,NULL,NULL,0,0,NULL,NULL,2014-12-25 19:21:08.217
333,678341338758,100000,1001,NULL,NULL,0,0,NULL,NULL,2014-12-25 19:21:07.877
137,682452250600,100000,1001,NULL,NULL,0,0,NULL,NULL,2014-12-25 19:21:07.473
386,683708732653,100000,1001,NULL,NULL,0,0,NULL,NULL,2014-12-25 19:21:07.993
221,684132075628,100000,1001,NULL,NULL,0,0,NULL,NULL,2014-12-25 19:21:07.637
99,685145246674,100000,1001,NULL,NULL,0,0,NULL,NULL,2014-12-25 19:21:07.380
267,685635265682,100000,1001,NULL,NULL,0,0,NULL,NULL,2014-12-25 19:21:07.747
197,686537361332,100000,1001,NULL,NULL,0,0,NULL,NULL,2014-12-25 19:21:07.580
136,688468623240,100000,1001,NULL,NULL,0,0,NULL,NULL,2014-12-25 19:21:07.470
79,702301742026,100000,1001,NULL,NULL,0,0,NULL,NULL,2014-12-25 19:21:07.343
35,706635518153,100000,1001,NULL,NULL,0,0,NULL,NULL,2014-12-25 19:21:07.247
117,707873324316,100000,1001,NULL,NULL,0,0,NULL,NULL,2014-12-25 19:21:07.423
54,708010645745,100000,1001,NULL,NULL,0,0,NULL,NULL,2014-12-25 19:21:07.273
353,708604606347,100000,1001,NULL,NULL,0,0,NULL,NULL,2014-12-25 19:21:07.910
453,708843441506,100000,1001,NULL,NULL,0,0,NULL,NULL,2014-12-25 19:21:08.203
17,711684757633,100000,1001,NULL,NULL,0,0,NULL,NULL,2014-12-25 19:21:07.193
74,717742404042,100000,1001,NULL,NULL,0,0,NULL,NULL,2014-12-25 19:21:07.333
397,721604863514,100000,1001,NULL,NULL,0,0,NULL,NULL,2014-12-25 19:21:08.017
365,723340806753,100000,1001,NULL,NULL,0,0,NULL,NULL,2014-12-25 19:21:07.947
472,723426252458,100000,1001,NULL,NULL,0,0,NULL,NULL,2014-12-25 19:21:08.243
189,723724218618,100000,1001,NULL,NULL,0,0,NULL,NULL,2014-12-25 19:21:07.567
148,724835710470,100000,1001,NULL,NULL,0,0,NULL,NULL,2014-12-25 19:21:07.500
216,725065360550,100000,1001,NULL,NULL,0,0,NULL,NULL,2014-12-25 19:21:07.627
427,725453520606,100000,1001,NULL,NULL,0,0,NULL,NULL,2014-12-25 19:21:08.163
454,726500183764,100000,1001,NULL,NULL,0,0,NULL,NULL,2014-12-25 19:21:08.207
123,728154427157,100000,1001,NULL,NULL,0,0,NULL,NULL,2014-12-25 19:21:07.430
306,730521342162,100000,1001,NULL,NULL,0,0,NULL,NULL,2014-12-25 19:21:07.810
266,730720445308,100000,1001,NULL,NULL,0,0,NULL,NULL,2014-12-25 19:21:07.730
385,730820841357,100000,1001,NULL,NULL,0,0,NULL,NULL,2014-12-25 19:21:07.990
223,732670525415,100000,1001,NULL,NULL,0,0,NULL,NULL,2014-12-25 19:21:07.640
39,733302787265,100000,1001,NULL,NULL,0,0,NULL,NULL,2014-12-25 19:21:07.250
493,737185021311,100000,1001,NULL,NULL,0,0,NULL,NULL,2014-12-25 19:21:08.277
98,737523462501,100000,1001,NULL,NULL,0,0,NULL,NULL,2014-12-25 19:21:07.380
298,737718702813,100000,1001,NULL,NULL,0,0,NULL,NULL,2014-12-25 19:21:07.797
475,737827551002,100000,1001,NULL,NULL,0,0,NULL,NULL,2014-12-25 19:21:08.250
51,744621123068,100000,1001,NULL,NULL,0,0,NULL,NULL,2014-12-25 19:21:07.270
352,745875705324,100000,1001,NULL,NULL,0,0,NULL,NULL,2014-12-25 19:21:07.910
251,748033771134,100000,1001,NULL,NULL,0,0,NULL,NULL,2014-12-25 19:21:07.703
127,750753286657,100000,1001,NULL,NULL,0,0,NULL,NULL,2014-12-25 19:21:07.440
68,751160325233,100000,1001,NULL,NULL,0,0,NULL,NULL,2014-12-25 19:21:07.317
299,752010024373,100000,1001,NULL,NULL,0,0,NULL,NULL,2014-12-25 19:21:07.797
482,752802558578,100000,1001,NULL,NULL,0,0,NULL,NULL,2014-12-25 19:21:08.263
395,753721740815,100000,1001,NULL,NULL,0,0,NULL,NULL,2014-12-25 19:21:08.013
177,753855844008,100000,1001,NULL,NULL,0,0,NULL,NULL,2014-12-25 19:21:07.550
359,754830546322,100000,1001,NULL,NULL,0,0,NULL,NULL,2014-12-25 19:21:07.933
8,755408610220,100000,1001,NULL,NULL,0,0,NULL,NULL,2014-12-25 19:21:07.183
279,755571533458,100000,1001,NULL,NULL,0,0,NULL,NULL,2014-12-25 19:21:07.770
497,757513065482,100000,1001,NULL,NULL,0,0,NULL,NULL,2014-12-25 19:21:08.280
25,757543014260,100000,1001,NULL,NULL,0,0,NULL,NULL,2014-12-25 19:21:07.207
14,758038488081,100000,1001,NULL,NULL,0,0,NULL,NULL,2014-12-25 19:21:07.190
370,760885418745,100000,1001,NULL,NULL,0,0,NULL,NULL,2014-12-25 19:21:07.957
23,762673327044,100000,1001,NULL,NULL,0,0,NULL,NULL,2014-12-25 19:21:07.203
76,763360833558,100000,1001,NULL,NULL,0,0,NULL,NULL,2014-12-25 19:21:07.337
419,765037350117,100000,1001,NULL,NULL,0,0,NULL,NULL,2014-12-25 19:21:08.153
481,765582078252,100000,1001,NULL,NULL,0,0,NULL,NULL,2014-12-25 19:21:08.260
181,767246308421,100000,1001,NULL,NULL,0,0,NULL,NULL,2014-12-25 19:21:07.557
185,767444106474,100000,1001,NULL,NULL,0,0,NULL,NULL,2014-12-25 19:21:07.560
473,768385651367,100000,1001,NULL,NULL,0,0,NULL,NULL,2014-12-25 19:21:08.243
478,772370505268,100000,1001,NULL,NULL,0,0,NULL,NULL,2014-12-25 19:21:08.257
434,772507248215,100000,1001,NULL,NULL,0,0,NULL,NULL,2014-12-25 19:21:08.177
458,778012862301,100000,1001,NULL,NULL,0,0,NULL,NULL,2014-12-25 19:21:08.220
375,778036112545,100000,1001,NULL,NULL,0,0,NULL,NULL,2014-12-25 19:21:07.973
48,778110677054,100000,1001,NULL,NULL,0,0,NULL,NULL,2014-12-25 19:21:07.267
80,778142040571,100000,1001,NULL,NULL,0,0,NULL,NULL,2014-12-25 19:21:07.343
327,778456446460,100000,1001,NULL,NULL,0,0,NULL,NULL,2014-12-25 19:21:07.870
142,778617312378,100000,1001,NULL,NULL,0,0,NULL,NULL,2014-12-25 19:21:07.487
40,780253103628,100000,1001,NULL,NULL,0,0,NULL,NULL,2014-12-25 19:21:07.253
282,780460373058,100000,1001,NULL,NULL,0,0,NULL,NULL,2014-12-25 19:21:07.773
250,782074121673,100000,1001,NULL,NULL,0,0,NULL,NULL,2014-12-25 19:21:07.703
391,783687768412,100000,1001,NULL,NULL,0,0,NULL,NULL,2014-12-25 19:21:08.007
160,784783681414,100000,1001,NULL,NULL,0,0,NULL,NULL,2014-12-25 19:21:07.520
297,785062101073,100000,1001,NULL,NULL,0,0,NULL,NULL,2014-12-25 19:21:07.793
437,785235817144,100000,1001,NULL,NULL,0,0,NULL,NULL,2014-12-25 19:21:08.180
322,786223818876,100000,1001,NULL,NULL,0,0,NULL,NULL,2014-12-25 19:21:07.833
90,788300764651,100000,1001,NULL,NULL,0,0,NULL,NULL,2014-12-25 19:21:07.360
309,788522372751,100000,1001,NULL,NULL,0,0,NULL,NULL,2014-12-25 19:21:07.813
57,801300132026,100000,1001,NULL,NULL,0,0,NULL,NULL,2014-12-25 19:21:07.280
400,803504266005,100000,1001,NULL,NULL,0,0,NULL,NULL,2014-12-25 19:21:08.020
466,803703151202,100000,1001,NULL,NULL,0,0,NULL,NULL,2014-12-25 19:21:08.230
203,806500530207,100000,1001,NULL,NULL,0,0,NULL,NULL,2014-12-25 19:21:07.590
343,807605736435,100000,1001,NULL,NULL,0,0,NULL,NULL,2014-12-25 19:21:07.890
287,807856744261,100000,1001,NULL,NULL,0,0,NULL,NULL,2014-12-25 19:21:07.780
218,810328228468,100000,1001,NULL,NULL,0,0,NULL,NULL,2014-12-25 19:21:07.630
12,811236155347,100000,1001,NULL,NULL,0,0,NULL,NULL,2014-12-25 19:21:07.190
46,813346566880,100000,1001,NULL,NULL,0,0,NULL,NULL,2014-12-25 19:21:07.263
340,814418441743,100000,1001,NULL,NULL,0,0,NULL,NULL,2014-12-25 19:21:07.887
193,815847665253,100000,1001,NULL,NULL,0,0,NULL,NULL,2014-12-25 19:21:07.573
483,816008137434,100000,1001,NULL,NULL,0,0,NULL,NULL,2014-12-25 19:21:08.263
1,818341384646,100000,1001,NULL,NULL,0,0,NULL,NULL,2014-12-25 19:21:07.173
411,818710004560,100000,1001,NULL,NULL,0,0,NULL,NULL,2014-12-25 19:21:08.037
491,821005646361,100000,1001,NULL,NULL,0,0,NULL,NULL,2014-12-25 19:21:08.273
412,822202087684,100000,1001,NULL,NULL,0,0,NULL,NULL,2014-12-25 19:21:08.040
252,822750012363,100000,1001,NULL,NULL,0,0,NULL,NULL,2014-12-25 19:21:07.707
476,823010045535,100000,1001,NULL,NULL,0,0,NULL,NULL,2014-12-25 19:21:08.250
280,824844767716,100000,1001,NULL,NULL,0,0,NULL,NULL,2014-12-25 19:21:07.770
273,828431171357,100000,1001,NULL,NULL,0,0,NULL,NULL,2014-12-25 19:21:07.757
254,830387055615,100000,1001,NULL,NULL,0,0,NULL,NULL,2014-12-25 19:21:07.710
5,830422381376,100000,1001,NULL,NULL,0,0,NULL,NULL,2014-12-25 19:21:07.180
100,830772633612,100000,1001,NULL,NULL,0,0,NULL,NULL,2014-12-25 19:21:07.383
294,831261321304,100000,1001,NULL,NULL,0,0,NULL,NULL,2014-12-25 19:21:07.790
351,834042302537,100000,1001,NULL,NULL,0,0,NULL,NULL,2014-12-25 19:21:07.903
455,835651377082,100000,1001,NULL,NULL,0,0,NULL,NULL,2014-12-25 19:21:08.207
200,835680471770,100000,1001,NULL,NULL,0,0,NULL,NULL,2014-12-25 19:21:07.587
19,838882062223,100000,1001,NULL,NULL,0,0,NULL,NULL,2014-12-25 19:21:07.197
368,840282870126,100000,1001,NULL,NULL,0,0,NULL,NULL,2014-12-25 19:21:07.950
462,840386883833,100000,1001,NULL,NULL,0,0,NULL,NULL,2014-12-25 19:21:08.223
346,840731651728,100000,1001,NULL,NULL,0,0,NULL,NULL,2014-12-25 19:21:07.893
235,844703002310,100000,1001,NULL,NULL,0,0,NULL,NULL,2014-12-25 19:21:07.683
11,844850716121,100000,1001,NULL,NULL,0,0,NULL,NULL,2014-12-25 19:21:07.187
238,848472560667,100000,1001,NULL,NULL,0,0,NULL,NULL,2014-12-25 19:21:07.687
390,850225577312,100000,1001,NULL,NULL,0,0,NULL,NULL,2014-12-25 19:21:08.007
240,850720245862,100000,1001,NULL,NULL,0,0,NULL,NULL,2014-12-25 19:21:07.690
465,852182505214,100000,1001,NULL,NULL,0,0,NULL,NULL,2014-12-25 19:21:08.230
350,852207362138,100000,1001,NULL,NULL,0,0,NULL,NULL,2014-12-25 19:21:07.900
9,852863541202,100000,1001,NULL,NULL,0,0,NULL,NULL,2014-12-25 19:21:07.183
44,853565071204,100000,1001,NULL,NULL,0,0,NULL,NULL,2014-12-25 19:21:07.260
20,855475042557,100000,1001,NULL,NULL,0,0,NULL,NULL,2014-12-25 19:21:07.200
283,857144683822,100000,1001,NULL,NULL,0,0,NULL,NULL,2014-12-25 19:21:07.773
241,858836588440,100000,1001,NULL,NULL,0,0,NULL,NULL,2014-12-25 19:21:07.690
394,861775133688,100000,1001,NULL,NULL,0,0,NULL,NULL,2014-12-25 19:21:08.010
209,864048141318,100000,1001,NULL,NULL,0,0,NULL,NULL,2014-12-25 19:21:07.620
381,864683855646,100000,1001,NULL,NULL,0,0,NULL,NULL,2014-12-25 19:21:07.987
321,866537203877,100000,1001,NULL,NULL,0,0,NULL,NULL,2014-12-25 19:21:07.830
37,867515421364,100000,1001,NULL,NULL,0,0,NULL,NULL,2014-12-25 19:21:07.250
420,868828320626,100000,1001,NULL,NULL,0,0,NULL,NULL,2014-12-25 19:21:08.157
96,870861434765,100000,1001,NULL,NULL,0,0,NULL,NULL,2014-12-25 19:21:07.373
61,871325434881,100000,1001,NULL,NULL,0,0,NULL,NULL,2014-12-25 19:21:07.287
139,873362516723,100000,1001,NULL,NULL,0,0,NULL,NULL,2014-12-25 19:21:07.477
470,874402816537,100000,1001,NULL,NULL,0,0,NULL,NULL,2014-12-25 19:21:08.240
487,874885683077,100000,1001,NULL,NULL,0,0,NULL,NULL,2014-12-25 19:21:08.267
102,876737414257,100000,1001,NULL,NULL,0,0,NULL,NULL,2014-12-25 19:21:07.383
268,878272401515,100000,1001,NULL,NULL,0,0,NULL,NULL,2014-12-25 19:21:07.750
60,878740156828,100000,1001,NULL,NULL,0,0,NULL,NULL,2014-12-25 19:21:07.287
256,881453612682,100000,1001,NULL,NULL,0,0,NULL,NULL,2014-12-25 19:21:07.713
215,881602673047,100000,1001,NULL,NULL,0,0,NULL,NULL,2014-12-25 19:21:07.627
182,882133345503,100000,1001,NULL,NULL,0,0,NULL,NULL,2014-12-25 19:21:07.557
109,882702824704,100000,1001,NULL,NULL,0,0,NULL,NULL,2014-12-25 19:21:07.407
451,883625744241,100000,1001,NULL,NULL,0,0,NULL,NULL,2014-12-25 19:21:08.200
377,883630313357,100000,1001,NULL,NULL,0,0,NULL,NULL,2014-12-25 19:21:07.977
239,885060180713,100000,1001,NULL,NULL,0,0,NULL,NULL,2014-12-25 19:21:07.687
